,current(mA),kx,covx,ky,covy
0,62.0,0.0014192714089462277,[1.52189205e-09],0.00018386892144870714,[1.91994497e-11]
1,63.0,0.001483392094389382,[7.95083684e-09],0.00017678561060321173,[3.12875325e-11]
2,63.5,0.001181884578075968,[1.09751258e-08],0.0002210521604485198,[9.01448969e-11]
3,63.5,0.0010745866548409633,[3.44232418e-09],0.0001696523650642955,[7.248464e-11]
4,63.75,0.0007530125252476165,[8.66358983e-09],0.0001970013159305862,[2.81751961e-11]
5,64.0,0.00040166137273151166,[1.75305451e-11],0.0003168866912750297,[7.38148767e-11]
6,64.0,0.0007821135651261246,[3.50794573e-09],0.000258734696346464,[1.92471301e-11]
7,64.0,0.0017059547663127092,[2.1744121e-09],0.00023534134313251553,[9.94670607e-11]
8,64.5,0.002390852095374566,[2.89370448e-08],0.00023007069839113724,[7.66707175e-11]
9,65.0,0.0022588013250258838,[8.27442091e-09],0.00028158103776617803,[3.2267622e-11]
10,65.5,0.002085670943281198,[2.3794288e-08],0.0002713348042799048,[2.72410402e-11]
11,66.0,0.002914904504082612,[3.55231188e-09],0.00027252871930312554,[5.5689831e-11]
